adjudication_id,selection_reason,human_valid_failure,human_issue_type,human_agrees_with_assisted,human_notes,audit_group,bucket,method,l2_key,scene_frame,l2_item,family,question_index,question_id,question,answer,predicted,image_path,auto_valid_failure,auto_issue_type,auto_confidence,auto_notes,manual_valid_failure,manual_issue_type,manual_notes
rq1_adjudication_001,all_uncertain,,,,,advtest_only_l2_004,advtest_only_l2,advtest,scene-0102_frame31::car3|pedestrian32|ego,scene-0102_frame31,car3|pedestrian32|ego,converge,794,102,"There is a pedestrian to the front of car3 and to the back left of pedestrian1, and to the front of pedestrian34, and to the back of ego; what is it?",pedestrian32,It is a bridge.,E:\Project\ADVTEST\scratch\rq1_mplug_call1000\runs\mplug-four-methods-call1000\results\mosaics\scene-0102_frame31_mosaic.jpg,uncertain,other,low,Heuristic cannot confidently classify this failure; manual review required.,uncertain,other,ASSISTED_REVIEW: retained as uncertain because auto-prefill confidence is low. Heuristic cannot confidently classify this failure; manual review required.
rq1_adjudication_002,stratified_assisted_yes,,,,,advtest_only_l2_010,advtest_only_l2,advtest,scene-0099_frame35::car10|barrier23|trailer1,scene-0099_frame35,car10|barrier23|trailer1,converge,642,193,"Which barrier can be found to the back right of car10 and to the front right of trailer1, and to the front of pedestrian2, and to the back of barrier31?",barrier23,"The barrier can be found to the back right of car10 and to the front right of trailer1, and to the front of pedestrian2, and to the back of barrier31.",E:\Project\ADVTEST\scratch\rq1_mplug_call1000\runs\mplug-four-methods-call1000\results\mosaics\scene-0099_frame35_mosaic.jpg,yes,valid_visual_or_structural_error,medium,Prediction points to a different object/category or wrong candidate id.,yes,valid_visual_or_structural_error,ASSISTED_REVIEW: copied from auto-prefill (confidence=medium). Prediction points to a different object/category or wrong candidate id.
rq1_adjudication_003,stratified_assisted_yes,,,,,advtest_only_l2_015,advtest_only_l2,advtest,scene-0094_frame7::car12|car6|ego,scene-0094_frame7,car12|car6|ego,viewpoint_transfer,444,49,"If you face from car12 toward car6, is ego on your left or on your right?",left,"If you face from car12 toward car6, ego is on your right.",E:\Project\ADVTEST\scratch\rq1_mplug_call1000\runs\mplug-four-methods-call1000\results\mosaics\scene-0094_frame7_mosaic.jpg,yes,valid_visual_or_structural_error,high,Expected left; prediction says right.,yes,valid_visual_or_structural_error,ASSISTED_REVIEW: copied from auto-prefill (confidence=high). Expected left; prediction says right.
rq1_adjudication_004,stratified_assisted_yes,,,,,advtest_only_l2_021,advtest_only_l2,advtest,scene-0036_frame17::barrier21|barrier23|pedestrian1,scene-0036_frame17,barrier21|barrier23|pedestrian1,converge,238,159,"Identify the barrier located to the front of pedestrian1 and to the front of pedestrian9, and to the back right of ego, and to the back of barrier21.",barrier23,"The barrier is located to the front of pedestrian1 and to the front of pedestrian9, and to the back right of ego, and to the back of barrier21.",E:\Project\ADVTEST\scratch\rq1_mplug_call1000\runs\mplug-four-methods-call1000\results\mosaics\scene-0036_frame17_mosaic.jpg,yes,valid_visual_or_structural_error,medium,Prediction points to a different object/category or wrong candidate id.,yes,valid_visual_or_structural_error,ASSISTED_REVIEW: copied from auto-prefill (confidence=medium). Prediction points to a different object/category or wrong candidate id.
rq1_adjudication_005,stratified_assisted_yes,,,,,advtest_only_l2_024,advtest_only_l2,advtest,scene-0035_frame14::car14|car7|car8,scene-0035_frame14,car14|car7|car8,converge,105,173,"Identify the car located to the front of car14 and to the front of car8, and to the front left of ego, and to the front of car9.",car7,"The car is located to the front of car14 and to the front of car8, and to the front left of ego, and to the front of car9.",E:\Project\ADVTEST\scratch\rq1_mplug_call1000\runs\mplug-four-methods-call1000\results\mosaics\scene-0035_frame14_mosaic.jpg,yes,valid_visual_or_structural_error,medium,Prediction points to a different object/category or wrong candidate id.,yes,valid_visual_or_structural_error,ASSISTED_REVIEW: copied from auto-prefill (confidence=medium). Prediction points to a different object/category or wrong candidate id.
rq1_adjudication_006,stratified_assisted_no,,,,,advtest_only_l2_028,advtest_only_l2,advtest,scene-0101_frame25::barrier5|barrier11|car6,scene-0101_frame25,barrier5|barrier11|car6,converge,747,96,"There is a barrier to the back of barrier5 and to the front right of car6, and to the back right of truck2, and to the front of barrier26; what is it?",barrier11,It is a construction barrier.,E:\Project\ADVTEST\scratch\rq1_mplug_call1000\runs\mplug-four-methods-call1000\results\mosaics\scene-0101_frame25_mosaic.jpg,no,answer_granularity_mismatch,medium,Prediction gives the object category/description but omits the required instance id.,no,answer_granularity_mismatch,ASSISTED_REVIEW: copied from auto-prefill (confidence=medium). Prediction gives the object category/description but omits the required instance id.
rq1_adjudication_007,stratified_assisted_yes,,,,,advtest_only_l2_029,advtest_only_l2,advtest,scene-0035_frame39::bus1|pedestrian4|car3,scene-0035_frame39,bus1|pedestrian4|car3,converge,174,22,"There is a pedestrian to the back of bus1 and to the back of car3, and to the back of pedestrian1; what is it?",pedestrian4,It is a bus.,E:\Project\ADVTEST\scratch\rq1_mplug_call1000\runs\mplug-four-methods-call1000\results\mosaics\scene-0035_frame39_mosaic.jpg,yes,valid_visual_or_structural_error,medium,Prediction points to a different object/category or wrong candidate id.,yes,valid_visual_or_structural_error,ASSISTED_REVIEW: copied from auto-prefill (confidence=medium). Prediction points to a different object/category or wrong candidate id.
rq1_adjudication_008,stratified_assisted_no,,,,,advtest_only_l2_033,advtest_only_l2,advtest,scene-0097_frame37::car12|car9|pedestrian6,scene-0097_frame37,car12|car9|pedestrian6,converge,526,11,"What car is to the front left of pedestrian1 and to the back left of pedestrian6, and to the front right of car12?",car9,The car is a BMW.,E:\Project\ADVTEST\scratch\rq1_mplug_call1000\runs\mplug-four-methods-call1000\results\mosaics\scene-0097_frame37_mosaic.jpg,no,answer_granularity_mismatch,medium,Prediction gives the object category/description but omits the required instance id.,no,answer_granularity_mismatch,ASSISTED_REVIEW: copied from auto-prefill (confidence=medium). Prediction gives the object category/description but omits the required instance id.
rq1_adjudication_009,stratified_assisted_yes,,,,,advtest_only_l2_036,advtest_only_l2,advtest,scene-0101_frame25::barrier33|barrier10|barrier38,scene-0101_frame25,barrier33|barrier10|barrier38,converge,738,174,"Identify the barrier located to the back left of barrier38 and to the front of truck2, and to the front of barrier33, and to the back right of barrier28.",barrier10,"The barrier is located to the back left of barrier38 and to the front of truck2, and to the front of barrier33, and to the back right of barrier28.",E:\Project\ADVTEST\scratch\rq1_mplug_call1000\runs\mplug-four-methods-call1000\results\mosaics\scene-0101_frame25_mosaic.jpg,yes,valid_visual_or_structural_error,medium,Prediction points to a different object/category or wrong candidate id.,yes,valid_visual_or_structural_error,ASSISTED_REVIEW: copied from auto-prefill (confidence=medium). Prediction points to a different object/category or wrong candidate id.
rq1_adjudication_010,stratified_assisted_no,,,,,advtest_only_l2_040,advtest_only_l2,advtest,scene-0092_frame39::barrier11|barrier43|ego,scene-0092_frame39,barrier11|barrier43|ego,converge,385,135,"There is a barrier to the back of barrier38 and to the back left of ego, and to the front of truck1, and to the back of barrier11; what is it?",barrier43,The barrier is a metal fence.,E:\Project\ADVTEST\scratch\rq1_mplug_call1000\runs\mplug-four-methods-call1000\results\mosaics\scene-0092_frame39_mosaic.jpg,no,answer_granularity_mismatch,medium,Prediction gives the object category/description but omits the required instance id.,no,answer_granularity_mismatch,ASSISTED_REVIEW: copied from auto-prefill (confidence=medium). Prediction gives the object category/description but omits the required instance id.
rq1_adjudication_011,stratified_assisted_no,,,,,advtest_only_l2_049,advtest_only_l2,advtest,scene-0099_frame35::ego|barrier21|pedestrian7,scene-0099_frame35,ego|barrier21|pedestrian7,converge,602,60,"There is a barrier to the back of barrier19 and to the back of pedestrian7, and to the back right of ego, and to the back of barrier7, and to the front of barrier11; what is it?",barrier21,It is a barrier.,E:\Project\ADVTEST\scratch\rq1_mplug_call1000\runs\mplug-four-methods-call1000\results\mosaics\scene-0099_frame35_mosaic.jpg,no,answer_granularity_mismatch,medium,Prediction gives the object category/description but omits the required instance id.,no,answer_granularity_mismatch,ASSISTED_REVIEW: copied from auto-prefill (confidence=medium). Prediction gives the object category/description but omits the required instance id.
rq1_adjudication_012,all_uncertain,,,,,advtest_only_l2_050,advtest_only_l2,advtest,scene-0102_frame39::pedestrian2|pedestrian10|pedestrian4,scene-0102_frame39,pedestrian2|pedestrian10|pedestrian4,converge,823,14,"There is a pedestrian to the front left of car1 and to the front of pedestrian2, and to the front of pedestrian4; what is it?",pedestrian10,It is a traffic light.,E:\Project\ADVTEST\scratch\rq1_mplug_call1000\runs\mplug-four-methods-call1000\results\mosaics\scene-0102_frame39_mosaic.jpg,uncertain,other,low,Heuristic cannot confidently classify this failure; manual review required.,uncertain,other,ASSISTED_REVIEW: retained as uncertain because auto-prefill confidence is low. Heuristic cannot confidently classify this failure; manual review required.
rq1_adjudication_013,stratified_assisted_no,,,,,advtest_only_l2_052,advtest_only_l2,advtest,scene-0099_frame35::car15|barrier12|pedestrian6,scene-0099_frame35,car15|barrier12|pedestrian6,converge,601,6,"What barrier is to the back of car15 and to the front right of pedestrian6, and to the back left of pedestrian2, and to the front of barrier3, and to the back of barrier18?",barrier12,The barrier is a construction barrier.,E:\Project\ADVTEST\scratch\rq1_mplug_call1000\runs\mplug-four-methods-call1000\results\mosaics\scene-0099_frame35_mosaic.jpg,no,answer_granularity_mismatch,medium,Prediction gives the object category/description but omits the required instance id.,no,answer_granularity_mismatch,ASSISTED_REVIEW: copied from auto-prefill (confidence=medium). Prediction gives the object category/description but omits the required instance id.
rq1_adjudication_014,stratified_assisted_yes,,,,,advtest_only_l2_054,advtest_only_l2,advtest,scene-0035_frame14::barrier1|car5|car10,scene-0035_frame14,barrier1|car5|car10,converge,106,124,"Identify the car located to the front of barrier1 and to the back of car11, and to the back of car4, and to the back right of car10.",car5,"The car is located to the front of barrier 1 and to the back of car 11, and to the back of car 4, and to the back right of car 10.",E:\Project\ADVTEST\scratch\rq1_mplug_call1000\runs\mplug-four-methods-call1000\results\mosaics\scene-0035_frame14_mosaic.jpg,yes,valid_visual_or_structural_error,medium,Prediction points to a different object/category or wrong candidate id.,yes,valid_visual_or_structural_error,ASSISTED_REVIEW: copied from auto-prefill (confidence=medium). Prediction points to a different object/category or wrong candidate id.
rq1_adjudication_015,stratified_assisted_yes,,,,,advtest_only_l2_059,advtest_only_l2,advtest,scene-0099_frame8::barrier8|barrier6|car14,scene-0099_frame8,barrier8|barrier6|car14,converge,691,40,"Which barrier can be found to the front right of car11 and to the back right of car14, and to the front left of pedestrian1, and to the front right of barrier8?",barrier6,"The barrier can be found to the front right of car11 and to the back right of car14, and to the front left of pedestrian1, and to the front right of barrier8.",E:\Project\ADVTEST\scratch\rq1_mplug_call1000\runs\mplug-four-methods-call1000\results\mosaics\scene-0099_frame8_mosaic.jpg,yes,valid_visual_or_structural_error,medium,Prediction points to a different object/category or wrong candidate id.,yes,valid_visual_or_structural_error,ASSISTED_REVIEW: copied from auto-prefill (confidence=medium). Prediction points to a different object/category or wrong candidate id.
rq1_adjudication_016,stratified_assisted_yes,,,,,advtest_only_l2_064,advtest_only_l2,advtest,scene-0097_frame12::barrier15|barrier22|car2,scene-0097_frame12,barrier15|barrier22|car2,converge,458,13,"Identify the barrier located to the front of barrier11 and to the front of barrier15, and to the front right of car2, and to the back of barrier21, and to the front right of pedestrian2.",barrier22,The barrier located to the front of barrier11 and to the front of barrier15 is a white barrier.,E:\Project\ADVTEST\scratch\rq1_mplug_call1000\runs\mplug-four-methods-call1000\results\mosaics\scene-0097_frame12_mosaic.jpg,yes,valid_visual_or_structural_error,medium,Prediction points to a different object/category or wrong candidate id.,yes,valid_visual_or_structural_error,ASSISTED_REVIEW: copied from auto-prefill (confidence=medium). Prediction points to a different object/category or wrong candidate id.
rq1_adjudication_017,stratified_assisted_no,,,,,advtest_only_l2_069,advtest_only_l2,advtest,scene-0098_frame15::bus1|car10|car16,scene-0098_frame15,bus1|car10|car16,converge,576,148,"There is a car to the back of bus1 and to the front of car16, and to the front of car5; what is it?",car10,The car in the middle of the image is a black car.,E:\Project\ADVTEST\scratch\rq1_mplug_call1000\runs\mplug-four-methods-call1000\results\mosaics\scene-0098_frame15_mosaic.jpg,no,answer_granularity_mismatch,medium,Prediction gives the object category/description but omits the required instance id.,no,answer_granularity_mismatch,ASSISTED_REVIEW: copied from auto-prefill (confidence=medium). Prediction gives the object category/description but omits the required instance id.
rq1_adjudication_018,stratified_assisted_no,,,,,advtest_only_l2_075,advtest_only_l2,advtest,scene-0102_frame39::ego|car2|pedestrian7,scene-0102_frame39,ego|car2|pedestrian7,converge,832,2,What car is positioned to the front of ego and also to the front of pedestrian7?,car2,"The car is positioned in the middle of the image, between the two pictures of the city.",E:\Project\ADVTEST\scratch\rq1_mplug_call1000\runs\mplug-four-methods-call1000\results\mosaics\scene-0102_frame39_mosaic.jpg,no,answer_granularity_mismatch,medium,Prediction gives the object category/description but omits the required instance id.,no,answer_granularity_mismatch,ASSISTED_REVIEW: copied from auto-prefill (confidence=medium). Prediction gives the object category/description but omits the required instance id.
rq1_adjudication_019,all_uncertain,,,,,advtest_only_l2_076,advtest_only_l2,advtest,scene-0102_frame31::car1|pedestrian4|pedestrian26,scene-0102_frame31,car1|pedestrian4|pedestrian26,converge,793,83,"There is a pedestrian to the front of car1 and to the front of pedestrian26, and to the front left of ego; what is it?",pedestrian4,It is a traffic light.,E:\Project\ADVTEST\scratch\rq1_mplug_call1000\runs\mplug-four-methods-call1000\results\mosaics\scene-0102_frame31_mosaic.jpg,uncertain,other,low,Heuristic cannot confidently classify this failure; manual review required.,uncertain,other,ASSISTED_REVIEW: retained as uncertain because auto-prefill confidence is low. Heuristic cannot confidently classify this failure; manual review required.
rq1_adjudication_020,all_uncertain,,,,,advtest_only_l2_079,advtest_only_l2,advtest,scene-0036_frame19::barrier10|barrier13|pedestrian3,scene-0036_frame19,barrier10|barrier13|pedestrian3,converge,272,98,"There is a barrier to the front of barrier6 and to the back right of pedestrian3, and to the front of barrier10, and to the back of barrier16; what is it?",barrier13,It is a traffic cone.,E:\Project\ADVTEST\scratch\rq1_mplug_call1000\runs\mplug-four-methods-call1000\results\mosaics\scene-0036_frame19_mosaic.jpg,uncertain,other,low,Heuristic cannot confidently classify this failure; manual review required.,uncertain,other,ASSISTED_REVIEW: retained as uncertain because auto-prefill confidence is low. Heuristic cannot confidently classify this failure; manual review required.
rq1_adjudication_021,all_uncertain,,,,,advtest_only_l2_080,advtest_only_l2,advtest,scene-0018_frame39::barrier3|pedestrian11|pedestrian14,scene-0018_frame39,barrier3|pedestrian11|pedestrian14,converge,57,132,"There is a pedestrian to the front of barrier2 and to the front of pedestrian14, and to the back left of barrier3, and to the front right of pedestrian9; what is it?",pedestrian11,It is a woman walking down the sidewalk.,E:\Project\ADVTEST\scratch\rq1_mplug_call1000\runs\mplug-four-methods-call1000\results\mosaics\scene-0018_frame39_mosaic.jpg,uncertain,other,low,Heuristic cannot confidently classify this failure; manual review required.,uncertain,other,ASSISTED_REVIEW: retained as uncertain because auto-prefill confidence is low. Heuristic cannot confidently classify this failure; manual review required.
rq1_adjudication_022,stratified_assisted_yes,,,,,advtest_only_l2_083,advtest_only_l2,advtest,scene-0097_frame12::barrier2|barrier3|barrier5,scene-0097_frame12,barrier2|barrier3|barrier5,converge,467,69,"Identify the barrier located to the back of barrier2 and to the back of barrier4, and to the back of barrier8, and to the front of barrier5.",barrier3,"The barrier located to the back of barrier2 and to the back of barrier4, and to the back of barrier8, and to the front of barrier5 is a white barrier.",E:\Project\ADVTEST\scratch\rq1_mplug_call1000\runs\mplug-four-methods-call1000\results\mosaics\scene-0097_frame12_mosaic.jpg,yes,valid_visual_or_structural_error,medium,Prediction points to a different object/category or wrong candidate id.,yes,valid_visual_or_structural_error,ASSISTED_REVIEW: copied from auto-prefill (confidence=medium). Prediction points to a different object/category or wrong candidate id.
rq1_adjudication_023,all_uncertain,,,,,advtest_only_l2_089,advtest_only_l2,advtest,scene-0018_frame39::car2|pedestrian14|pedestrian5,scene-0018_frame39,car2|pedestrian14|pedestrian5,converge,58,23,"There is a pedestrian to the front left of car2 and to the back of pedestrian6, and to the back of pedestrian7, and to the front of pedestrian5; what is it?",pedestrian14,It is a woman walking down the sidewalk.,E:\Project\ADVTEST\scratch\rq1_mplug_call1000\runs\mplug-four-methods-call1000\results\mosaics\scene-0018_frame39_mosaic.jpg,uncertain,other,low,Heuristic cannot confidently classify this failure; manual review required.,uncertain,other,ASSISTED_REVIEW: retained as uncertain because auto-prefill confidence is low. Heuristic cannot confidently classify this failure; manual review required.
rq1_adjudication_024,stratified_assisted_yes,,,,,advtest_only_l2_090,advtest_only_l2,advtest,scene-0097_frame37::car6|car9|pedestrian2,scene-0097_frame37,car6|car9|pedestrian2,converge,510,26,"What car is positioned to the front of car6 and also to the front left of pedestrian1, and to the front right of pedestrian2?",car9,"The car positioned to the front of car6 and also to the front left of pedestrian1, and to the front right of pedestrian2 is a black car.",E:\Project\ADVTEST\scratch\rq1_mplug_call1000\runs\mplug-four-methods-call1000\results\mosaics\scene-0097_frame37_mosaic.jpg,yes,valid_visual_or_structural_error,medium,Prediction points to a different object/category or wrong candidate id.,yes,valid_visual_or_structural_error,ASSISTED_REVIEW: copied from auto-prefill (confidence=medium). Prediction points to a different object/category or wrong candidate id.
rq1_adjudication_025,stratified_assisted_no,,,,,advtest_only_l2_094,advtest_only_l2,advtest,scene-0097_frame12::barrier19|barrier8|car5,scene-0097_frame12,barrier19|barrier8|car5,converge,485,124,"What barrier is to the back of car5 and to the front right of pedestrian7, and to the back of barrier19, and to the front of barrier3?",barrier8,The barrier is a white barrier.,E:\Project\ADVTEST\scratch\rq1_mplug_call1000\runs\mplug-four-methods-call1000\results\mosaics\scene-0097_frame12_mosaic.jpg,no,answer_granularity_mismatch,medium,Prediction gives the object category/description but omits the required instance id.,no,answer_granularity_mismatch,ASSISTED_REVIEW: copied from auto-prefill (confidence=medium). Prediction gives the object category/description but omits the required instance id.
rq1_adjudication_026,stratified_assisted_yes,,,,,random_only_l2_001,random_only_l2,random,scene-0099_frame8::barrier6|barrier8|barrier9,scene-0099_frame8,barrier6|barrier8|barrier9,converge,661,170,"What barrier is to the front of barrier9 and to the back right of car12, and to the back left of barrier6?",barrier8,"There is a construction barrier in front of barrier 9 and to the back right of car 12, and to the back left of barrier 6.",E:\Project\ADVTEST\scratch\rq1_mplug_call1000\runs\mplug-four-methods-call1000\results\mosaics\scene-0099_frame8_mosaic.jpg,yes,valid_visual_or_structural_error,medium,Prediction points to a different object/category or wrong candidate id.,yes,valid_visual_or_structural_error,ASSISTED_REVIEW: copied from auto-prefill (confidence=medium). Prediction points to a different object/category or wrong candidate id.
rq1_adjudication_027,stratified_assisted_yes,,,,,random_only_l2_002,random_only_l2,random,scene-0036_frame19::pedestrian2|barrier3|truck1,scene-0036_frame19,pedestrian2|barrier3|truck1,converge,272,82,Which barrier can be found to the front of pedestrian2 and to the back left of truck1?,barrier3,A barrier can be found in front of pedestrian2 and to the back left of truck1.,E:\Project\ADVTEST\scratch\rq1_mplug_call1000\runs\mplug-four-methods-call1000\results\mosaics\scene-0036_frame19_mosaic.jpg,yes,valid_visual_or_structural_error,medium,Prediction points to a different object/category or wrong candidate id.,yes,valid_visual_or_structural_error,ASSISTED_REVIEW: copied from auto-prefill (confidence=medium). Prediction points to a different object/category or wrong candidate id.
rq1_adjudication_028,stratified_assisted_no,,,,,random_only_l2_003,random_only_l2,random,scene-0099_frame8::car2|car7|pedestrian2,scene-0099_frame8,car2|car7|pedestrian2,converge,668,93,"There is a car to the back left of car2 and to the front left of car9, and to the front of pedestrian2; what is it?",car7,The car in the middle of the image is a black car.,E:\Project\ADVTEST\scratch\rq1_mplug_call1000\runs\mplug-four-methods-call1000\results\mosaics\scene-0099_frame8_mosaic.jpg,no,answer_granularity_mismatch,medium,Prediction gives the object category/description but omits the required instance id.,no,answer_granularity_mismatch,ASSISTED_REVIEW: copied from auto-prefill (confidence=medium). Prediction gives the object category/description but omits the required instance id.
rq1_adjudication_029,stratified_assisted_yes,,,,,random_only_l2_005,random_only_l2,random,scene-0035_frame14::car14|car11|ego,scene-0035_frame14,car14|car11|ego,converge,144,198,"Which car can be found to the front of barrier3 and to the front of car14, and to the front of ego?",car11,"The car that can be found to the front of barrier3, car14, and ego is a white car.",E:\Project\ADVTEST\scratch\rq1_mplug_call1000\runs\mplug-four-methods-call1000\results\mosaics\scene-0035_frame14_mosaic.jpg,yes,valid_visual_or_structural_error,medium,Prediction points to a different object/category or wrong candidate id.,yes,valid_visual_or_structural_error,ASSISTED_REVIEW: copied from auto-prefill (confidence=medium). Prediction points to a different object/category or wrong candidate id.
rq1_adjudication_030,stratified_assisted_no,,,,,random_only_l2_008,random_only_l2,random,scene-0104_frame20::pedestrian22|car3|pedestrian25,scene-0104_frame20,pedestrian22|car3|pedestrian25,converge,908,117,"There is a car to the back left of pedestrian22 and to the back left of pedestrian25, and to the back left of car8; what is it?",car3,The car is a white truck.,E:\Project\ADVTEST\scratch\rq1_mplug_call1000\runs\mplug-four-methods-call1000\results\mosaics\scene-0104_frame20_mosaic.jpg,no,answer_granularity_mismatch,medium,Prediction gives the object category/description but omits the required instance id.,no,answer_granularity_mismatch,ASSISTED_REVIEW: copied from auto-prefill (confidence=medium). Prediction gives the object category/description but omits the required instance id.
rq1_adjudication_031,stratified_assisted_yes,,,,,random_only_l2_010,random_only_l2,random,scene-0097_frame37::car8|pedestrian3|truck2,scene-0097_frame37,car8|pedestrian3|truck2,converge,542,109,"What pedestrian is to the back left of car8 and to the back left of truck2, and to the back right of pedestrian8?",pedestrian3,"The pedestrian is to the back left of car8 and to the back left of truck2, and to the back right of pedestrian8.",E:\Project\ADVTEST\scratch\rq1_mplug_call1000\runs\mplug-four-methods-call1000\results\mosaics\scene-0097_frame37_mosaic.jpg,yes,valid_visual_or_structural_error,medium,Prediction points to a different object/category or wrong candidate id.,yes,valid_visual_or_structural_error,ASSISTED_REVIEW: copied from auto-prefill (confidence=medium). Prediction points to a different object/category or wrong candidate id.
rq1_adjudication_032,stratified_assisted_yes,,,,,random_only_l2_011,random_only_l2,random,scene-0094_frame7::car4|barrier2|car6,scene-0094_frame7,car4|barrier2|car6,direction_chain,439,77,Does car6 lie in the same direction from barrier2 as car4?,False,"Yes, car6 lies in the same direction from barrier2 as car4.",E:\Project\ADVTEST\scratch\rq1_mplug_call1000\runs\mplug-four-methods-call1000\results\mosaics\scene-0094_frame7_mosaic.jpg,yes,valid_visual_or_structural_error,high,Expected false/no but prediction is affirmative.,yes,valid_visual_or_structural_error,ASSISTED_REVIEW: copied from auto-prefill (confidence=high). Expected false/no but prediction is affirmative.
rq1_adjudication_033,stratified_assisted_yes,,,,,random_only_l2_016,random_only_l2,random,scene-0013_frame31::car1|ego|car4,scene-0013_frame31,car1|ego|car4,direction_chain,30,84,Is car4 in the same direction from ego as ego is from car1?,False,"Yes, car4 is in the same direction as ego is from car1.",E:\Project\ADVTEST\scratch\rq1_mplug_call1000\runs\mplug-four-methods-call1000\results\mosaics\scene-0013_frame31_mosaic.jpg,yes,valid_visual_or_structural_error,high,Expected false/no but prediction is affirmative.,yes,valid_visual_or_structural_error,ASSISTED_REVIEW: copied from auto-prefill (confidence=high). Expected false/no but prediction is affirmative.
rq1_adjudication_034,stratified_assisted_yes,,,,,random_only_l2_023,random_only_l2,random,scene-0097_frame37::car8|car12|pedestrian3,scene-0097_frame37,car8|car12|pedestrian3,distance_chain,528,187,"Of car8 and pedestrian3, which is at a shorter distance from car12?",pedestrian3,Car8 is at a shorter distance from car12.,E:\Project\ADVTEST\scratch\rq1_mplug_call1000\runs\mplug-four-methods-call1000\results\mosaics\scene-0097_frame37_mosaic.jpg,yes,valid_visual_or_structural_error,medium,Prediction points to a different object/category or wrong candidate id.,yes,valid_visual_or_structural_error,ASSISTED_REVIEW: copied from auto-prefill (confidence=medium). Prediction points to a different object/category or wrong candidate id.
rq1_adjudication_035,stratified_assisted_yes,,,,,random_only_l2_037,random_only_l2,random,scene-0013_frame31::car4|bicycle2|car5,scene-0013_frame31,car4|bicycle2|car5,viewpoint_transfer,49,78,"If you face from car4 toward bicycle2, is car5 on your left or on your right?",left,Car5 is on your right.,E:\Project\ADVTEST\scratch\rq1_mplug_call1000\runs\mplug-four-methods-call1000\results\mosaics\scene-0013_frame31_mosaic.jpg,yes,valid_visual_or_structural_error,high,Expected left; prediction says right.,yes,valid_visual_or_structural_error,ASSISTED_REVIEW: copied from auto-prefill (confidence=high). Expected left; prediction says right.
rq1_adjudication_036,stratified_assisted_yes,,,,,random_only_l2_049,random_only_l2,random,scene-0097_frame37::car2|car12|pedestrian3,scene-0097_frame37,car2|car12|pedestrian3,distance_chain,549,177,"Which object is car12 nearer to, car2 or pedestrian3?",car2,Car12 is nearer to pedestrian3.,E:\Project\ADVTEST\scratch\rq1_mplug_call1000\runs\mplug-four-methods-call1000\results\mosaics\scene-0097_frame37_mosaic.jpg,yes,valid_visual_or_structural_error,medium,Prediction points to a different object/category or wrong candidate id.,yes,valid_visual_or_structural_error,ASSISTED_REVIEW: copied from auto-prefill (confidence=medium). Prediction points to a different object/category or wrong candidate id.
rq1_adjudication_037,stratified_assisted_no,,,,,random_only_l2_050,random_only_l2,random,scene-0018_frame39::car1|car2|pedestrian13,scene-0018_frame39,car1|car2|pedestrian13,converge,96,2,What car is to the back of car1 and to the back of pedestrian13?,car2,The car is a white car.,E:\Project\ADVTEST\scratch\rq1_mplug_call1000\runs\mplug-four-methods-call1000\results\mosaics\scene-0018_frame39_mosaic.jpg,no,answer_granularity_mismatch,medium,Prediction gives the object category/description but omits the required instance id.,no,answer_granularity_mismatch,ASSISTED_REVIEW: copied from auto-prefill (confidence=medium). Prediction gives the object category/description but omits the required instance id.
rq1_adjudication_038,stratified_assisted_no,,,,,random_only_l2_062,random_only_l2,random,scene-0097_frame12::barrier1|barrier2|car12,scene-0097_frame12,barrier1|barrier2|car12,converge,456,136,"There is a barrier to the back of car12 and to the back right of pedestrian6, and to the back right of ego, and to the front of barrier1; what is it?",barrier2,It is a guardrail or a barrier that is separating the lanes of traffic and providing safety for pedestrians and vehicles.,E:\Project\ADVTEST\scratch\rq1_mplug_call1000\runs\mplug-four-methods-call1000\results\mosaics\scene-0097_frame12_mosaic.jpg,no,answer_granularity_mismatch,medium,Prediction gives the object category/description but omits the required instance id.,no,answer_granularity_mismatch,ASSISTED_REVIEW: copied from auto-prefill (confidence=medium). Prediction gives the object category/description but omits the required instance id.
rq1_adjudication_039,stratified_assisted_yes,,,,,random_only_l2_067,random_only_l2,random,scene-0036_frame19::barrier12|pedestrian5|barrier14,scene-0036_frame19,barrier12|pedestrian5|barrier14,converge,294,48,"What pedestrian is positioned to the back left of barrier12 and also to the back left of barrier14, and to the back right of pedestrian3?",pedestrian5,"The pedestrian is positioned to the back left of barrier12 and also to the back left of barrier14, and to the back right of pedestrian3.",E:\Project\ADVTEST\scratch\rq1_mplug_call1000\runs\mplug-four-methods-call1000\results\mosaics\scene-0036_frame19_mosaic.jpg,yes,valid_visual_or_structural_error,medium,Prediction points to a different object/category or wrong candidate id.,yes,valid_visual_or_structural_error,ASSISTED_REVIEW: copied from auto-prefill (confidence=medium). Prediction points to a different object/category or wrong candidate id.
rq1_adjudication_040,stratified_assisted_no,,,,,random_only_l2_068,random_only_l2,random,scene-0102_frame31::pedestrian11|pedestrian1|pedestrian3,scene-0102_frame31,pedestrian11|pedestrian1|pedestrian3,converge,785,134,Which pedestrian can be found to the front right of pedestrian11 and to the back right of pedestrian3?,pedestrian1,A man can be found to the front right of pedestrian11 and to the back right of pedestrian3.,E:\Project\ADVTEST\scratch\rq1_mplug_call1000\runs\mplug-four-methods-call1000\results\mosaics\scene-0102_frame31_mosaic.jpg,no,lexical_scoring_artifact,medium,Prediction appears to contain the expected instance id.,no,lexical_scoring_artifact,ASSISTED_REVIEW: copied from auto-prefill (confidence=medium). Prediction appears to contain the expected instance id.
rq1_adjudication_041,stratified_assisted_yes,,,,,random_only_l2_070,random_only_l2,random,scene-0103_frame25::car16|pedestrian20|pedestrian12,scene-0103_frame25,car16|pedestrian20|pedestrian12,converge,869,189,"Which pedestrian can be found to the front of car16 and to the back of car27, and to the front right of pedestrian12?",pedestrian20,"The pedestrian in the middle of the image, between car16 and car27, and to the front right of pedestrian12, is the one you are looking for.",E:\Project\ADVTEST\scratch\rq1_mplug_call1000\runs\mplug-four-methods-call1000\results\mosaics\scene-0103_frame25_mosaic.jpg,yes,valid_visual_or_structural_error,medium,Prediction points to a different object/category or wrong candidate id.,yes,valid_visual_or_structural_error,ASSISTED_REVIEW: copied from auto-prefill (confidence=medium). Prediction points to a different object/category or wrong candidate id.
rq1_adjudication_042,stratified_assisted_no,,,,,random_only_l2_071,random_only_l2,random,scene-0104_frame3::car4|car19|pedestrian2,scene-0104_frame3,car4|car19|pedestrian2,converge,974,114,"There is a car to the back left of car4 and to the back of pedestrian2, and to the front of car15; what is it?",car19,The car in the back left of the image is a white van.,E:\Project\ADVTEST\scratch\rq1_mplug_call1000\runs\mplug-four-methods-call1000\results\mosaics\scene-0104_frame3_mosaic.jpg,no,answer_granularity_mismatch,medium,Prediction gives the object category/description but omits the required instance id.,no,answer_granularity_mismatch,ASSISTED_REVIEW: copied from auto-prefill (confidence=medium). Prediction gives the object category/description but omits the required instance id.
rq1_adjudication_043,stratified_assisted_no,,,,,random_only_l2_073,random_only_l2,random,scene-0097_frame12::barrier9|car11|pedestrian4,scene-0097_frame12,barrier9|car11|pedestrian4,converge,461,134,"There is a car to the back left of barrier9 and to the front right of pedestrian4, and to the front left of barrier4; what is it?",car11,The car is a white car.,E:\Project\ADVTEST\scratch\rq1_mplug_call1000\runs\mplug-four-methods-call1000\results\mosaics\scene-0097_frame12_mosaic.jpg,no,answer_granularity_mismatch,medium,Prediction gives the object category/description but omits the required instance id.,no,answer_granularity_mismatch,ASSISTED_REVIEW: copied from auto-prefill (confidence=medium). Prediction gives the object category/description but omits the required instance id.
rq1_adjudication_044,all_uncertain,,,,,random_only_l2_074,random_only_l2,random,scene-0104_frame3::car3|pedestrian12|car9,scene-0104_frame3,car3|pedestrian12|car9,converge,991,118,"There is a pedestrian to the back of car3 and to the front of car9, and to the back right of pedestrian8; what is it?",pedestrian12,It is a van.,E:\Project\ADVTEST\scratch\rq1_mplug_call1000\runs\mplug-four-methods-call1000\results\mosaics\scene-0104_frame3_mosaic.jpg,uncertain,other,low,Heuristic cannot confidently classify this failure; manual review required.,uncertain,other,ASSISTED_REVIEW: retained as uncertain because auto-prefill confidence is low. Heuristic cannot confidently classify this failure; manual review required.
rq1_adjudication_045,stratified_assisted_no,,,,,random_only_l2_077,random_only_l2,random,scene-0035_frame14::car11|car7|car6,scene-0035_frame14,car11|car7|car6,converge,134,72,"There is a car to the back of car11 and to the front right of car6, and to the front of car9; what is it?",car7,The car in the middle of the image is a white car.,E:\Project\ADVTEST\scratch\rq1_mplug_call1000\runs\mplug-four-methods-call1000\results\mosaics\scene-0035_frame14_mosaic.jpg,no,answer_granularity_mismatch,medium,Prediction gives the object category/description but omits the required instance id.,no,answer_granularity_mismatch,ASSISTED_REVIEW: copied from auto-prefill (confidence=medium). Prediction gives the object category/description but omits the required instance id.
rq1_adjudication_046,stratified_assisted_yes,,,,,random_only_l2_084,random_only_l2,random,scene-0104_frame3::car14|car21|pedestrian8,scene-0104_frame3,car14|car21|pedestrian8,converge,970,102,"Identify the car located to the back of pedestrian2 and to the back of pedestrian8, and to the front right of car14.",car21,"The car is located to the back of pedestrian2 and to the back of pedestrian8, and to the front right of car14.",E:\Project\ADVTEST\scratch\rq1_mplug_call1000\runs\mplug-four-methods-call1000\results\mosaics\scene-0104_frame3_mosaic.jpg,yes,valid_visual_or_structural_error,medium,Prediction points to a different object/category or wrong candidate id.,yes,valid_visual_or_structural_error,ASSISTED_REVIEW: copied from auto-prefill (confidence=medium). Prediction points to a different object/category or wrong candidate id.
rq1_adjudication_047,all_uncertain,,,,,random_only_l2_091,random_only_l2,random,scene-0098_frame15::barrier7|barrier4|car8,scene-0098_frame15,barrier7|barrier4|car8,converge,597,73,"What barrier is to the front left of car1 and to the back left of car8, and to the back of barrier7?",barrier4,There is a guardrail in front of the cars.,E:\Project\ADVTEST\scratch\rq1_mplug_call1000\runs\mplug-four-methods-call1000\results\mosaics\scene-0098_frame15_mosaic.jpg,uncertain,other,low,Heuristic cannot confidently classify this failure; manual review required.,uncertain,other,ASSISTED_REVIEW: retained as uncertain because auto-prefill confidence is low. Heuristic cannot confidently classify this failure; manual review required.
rq1_adjudication_048,stratified_assisted_yes,,,,,random_only_l2_094,random_only_l2,random,scene-0036_frame17::barrier2|barrier24|barrier6,scene-0036_frame17,barrier2|barrier24|barrier6,converge,212,110,"What barrier is to the front of barrier2 and to the front of barrier6, and to the front of barrier12?",barrier24,"There is a construction barrier in front of barrier2, barrier6, and barrier12.",E:\Project\ADVTEST\scratch\rq1_mplug_call1000\runs\mplug-four-methods-call1000\results\mosaics\scene-0036_frame17_mosaic.jpg,yes,valid_visual_or_structural_error,medium,Prediction points to a different object/category or wrong candidate id.,yes,valid_visual_or_structural_error,ASSISTED_REVIEW: copied from auto-prefill (confidence=medium). Prediction points to a different object/category or wrong candidate id.
rq1_adjudication_049,all_uncertain,,,,,random_only_l2_098,random_only_l2,random,scene-0092_frame39::barrier18|barrier5|barrier44,scene-0092_frame39,barrier18|barrier5|barrier44,converge,381,155,"There is a barrier to the back of barrier20 and to the front of truck1, and to the back right of barrier44, and to the back of barrier18; what is it?",barrier5,It is a fence.,E:\Project\ADVTEST\scratch\rq1_mplug_call1000\runs\mplug-four-methods-call1000\results\mosaics\scene-0092_frame39_mosaic.jpg,uncertain,other,low,Heuristic cannot confidently classify this failure; manual review required.,uncertain,other,ASSISTED_REVIEW: retained as uncertain because auto-prefill confidence is low. Heuristic cannot confidently classify this failure; manual review required.
rq1_adjudication_050,stratified_assisted_yes,,,,,random_only_l2_100,random_only_l2,random,scene-0098_frame15::car2|car16|ego,scene-0098_frame15,car2|car16|ego,converge,572,146,"What car is to the back of car2 and to the back of ego, and to the front of car14, and to the back of car5?",car16,"The car that is to the back of car2 and to the back of ego, and to the front of car14, and to the back of car5 is a black car.",E:\Project\ADVTEST\scratch\rq1_mplug_call1000\runs\mplug-four-methods-call1000\results\mosaics\scene-0098_frame15_mosaic.jpg,yes,valid_visual_or_structural_error,medium,Prediction points to a different object/category or wrong candidate id.,yes,valid_visual_or_structural_error,ASSISTED_REVIEW: copied from auto-prefill (confidence=medium). Prediction points to a different object/category or wrong candidate id.
rq1_adjudication_051,all_uncertain,,,,,shared_l2_009,shared_l2_advtest,advtest,scene-0102_frame31::pedestrian16|pedestrian19|pedestrian3,scene-0102_frame31,pedestrian16|pedestrian19|pedestrian3,converge,784,25,"There is a pedestrian to the front of pedestrian16 and to the front of pedestrian24, and to the back right of pedestrian3; what is it?",pedestrian19,It is a person walking on the sidewalk.,E:\Project\ADVTEST\scratch\rq1_mplug_call1000\runs\mplug-four-methods-call1000\results\mosaics\scene-0102_frame31_mosaic.jpg,uncertain,other,low,Heuristic cannot confidently classify this failure; manual review required.,uncertain,other,ASSISTED_REVIEW: retained as uncertain because auto-prefill confidence is low. Heuristic cannot confidently classify this failure; manual review required.
rq1_adjudication_052,stratified_assisted_yes,,,,,shared_l2_013,shared_l2_advtest,advtest,scene-0013_frame31::bus1|bicycle2|car2,scene-0013_frame31,bus1|bicycle2|car2,direction_chain,46,46,"From bicycle2's perspective, are bus1 and car2 in the same direction?",False,"Yes, from bicycle2's perspective, bus1 and car2 are in the same direction.",E:\Project\ADVTEST\scratch\rq1_mplug_call1000\runs\mplug-four-methods-call1000\results\mosaics\scene-0013_frame31_mosaic.jpg,yes,valid_visual_or_structural_error,high,Expected false/no but prediction is affirmative.,yes,valid_visual_or_structural_error,ASSISTED_REVIEW: copied from auto-prefill (confidence=high). Expected false/no but prediction is affirmative.
rq1_adjudication_053,stratified_assisted_yes,,,,,shared_l2_019,shared_l2_advtest,advtest,scene-0103_frame25::car14|car26|pedestrian9,scene-0103_frame25,car14|car26|pedestrian9,converge,875,146,"What car is to the back left of car19 and to the front of pedestrian9, and to the front left of car14, and to the back of car33?",car26,"The car is to the back left of car19 and to the front of pedestrian9, and to the front left of car14, and to the back of car33.",E:\Project\ADVTEST\scratch\rq1_mplug_call1000\runs\mplug-four-methods-call1000\results\mosaics\scene-0103_frame25_mosaic.jpg,yes,valid_visual_or_structural_error,medium,Prediction points to a different object/category or wrong candidate id.,yes,valid_visual_or_structural_error,ASSISTED_REVIEW: copied from auto-prefill (confidence=medium). Prediction points to a different object/category or wrong candidate id.
rq1_adjudication_054,stratified_assisted_no,,,,,shared_l2_021,shared_l2_advtest,advtest,scene-0104_frame3::car16|car20|car18,scene-0104_frame3,car16|car20|car18,converge,985,34,"There is a car to the front of car18 and to the front of car8, and to the front right of car21, and to the front of car16; what is it?",car20,The car in the middle of the image is a white van.,E:\Project\ADVTEST\scratch\rq1_mplug_call1000\runs\mplug-four-methods-call1000\results\mosaics\scene-0104_frame3_mosaic.jpg,no,answer_granularity_mismatch,medium,Prediction gives the object category/description but omits the required instance id.,no,answer_granularity_mismatch,ASSISTED_REVIEW: copied from auto-prefill (confidence=medium). Prediction gives the object category/description but omits the required instance id.
rq1_adjudication_055,stratified_assisted_yes,,,,,shared_l2_029,shared_l2_advtest,advtest,scene-0092_frame39::barrier41|barrier37|barrier5,scene-0092_frame39,barrier41|barrier37|barrier5,converge,376,30,"What barrier is positioned to the front of barrier25 and also to the front left of pedestrian1, and to the back right of barrier41, and to the back of barrier5?",barrier37,"A barrier is positioned to the front of barrier25 and also to the front left of pedestrian1, and to the back right of barrier41, and to the back of barrier5.",E:\Project\ADVTEST\scratch\rq1_mplug_call1000\runs\mplug-four-methods-call1000\results\mosaics\scene-0092_frame39_mosaic.jpg,yes,valid_visual_or_structural_error,medium,Prediction points to a different object/category or wrong candidate id.,yes,valid_visual_or_structural_error,ASSISTED_REVIEW: copied from auto-prefill (confidence=medium). Prediction points to a different object/category or wrong candidate id.
rq1_adjudication_056,all_uncertain,,,,,shared_l2_037,shared_l2_advtest,advtest,scene-0102_frame39::car2|pedestrian4|pedestrian2,scene-0102_frame39,car2|pedestrian4|pedestrian2,converge,803,51,"There is a pedestrian to the back of car2 and to the back of pedestrian5, and to the front of pedestrian2, and to the back of pedestrian10; what is it?",pedestrian4,It is a traffic light.,E:\Project\ADVTEST\scratch\rq1_mplug_call1000\runs\mplug-four-methods-call1000\results\mosaics\scene-0102_frame39_mosaic.jpg,uncertain,other,low,Heuristic cannot confidently classify this failure; manual review required.,uncertain,other,ASSISTED_REVIEW: retained as uncertain because auto-prefill confidence is low. Heuristic cannot confidently classify this failure; manual review required.
rq1_adjudication_057,stratified_assisted_no,,,,,shared_l2_038,shared_l2_advtest,advtest,scene-0092_frame20::car9|car10|pedestrian2,scene-0092_frame20,car9|car10|pedestrian2,converge,313,45,"There is a car to the back of pedestrian2 and to the back of truck2, and to the front of car9, and to the back of car4; what is it?",car10,The car is a white truck.,E:\Project\ADVTEST\scratch\rq1_mplug_call1000\runs\mplug-four-methods-call1000\results\mosaics\scene-0092_frame20_mosaic.jpg,no,answer_granularity_mismatch,medium,Prediction gives the object category/description but omits the required instance id.,no,answer_granularity_mismatch,ASSISTED_REVIEW: copied from auto-prefill (confidence=medium). Prediction gives the object category/description but omits the required instance id.
rq1_adjudication_058,all_uncertain,,,,,shared_l2_039,shared_l2_advtest,advtest,scene-0102_frame39::pedestrian2|pedestrian4|pedestrian5,scene-0102_frame39,pedestrian2|pedestrian4|pedestrian5,converge,803,51,"There is a pedestrian to the back of car2 and to the back of pedestrian5, and to the front of pedestrian2, and to the back of pedestrian10; what is it?",pedestrian4,It is a traffic light.,E:\Project\ADVTEST\scratch\rq1_mplug_call1000\runs\mplug-four-methods-call1000\results\mosaics\scene-0102_frame39_mosaic.jpg,uncertain,other,low,Heuristic cannot confidently classify this failure; manual review required.,uncertain,other,ASSISTED_REVIEW: retained as uncertain because auto-prefill confidence is low. Heuristic cannot confidently classify this failure; manual review required.
rq1_adjudication_059,stratified_assisted_yes,,,,,shared_l2_043,shared_l2_advtest,advtest,scene-0103_frame25::car26|pedestrian13|pedestrian24,scene-0103_frame25,car26|pedestrian13|pedestrian24,converge,889,88,"What pedestrian is to the back of car33 and to the back of pedestrian24, and to the back of car26, and to the back right of pedestrian9?",pedestrian13,"The pedestrian is to the back of car33 and to the back of pedestrian24, and to the back of car26, and to the back right of pedestrian9.",E:\Project\ADVTEST\scratch\rq1_mplug_call1000\runs\mplug-four-methods-call1000\results\mosaics\scene-0103_frame25_mosaic.jpg,yes,valid_visual_or_structural_error,medium,Prediction points to a different object/category or wrong candidate id.,yes,valid_visual_or_structural_error,ASSISTED_REVIEW: copied from auto-prefill (confidence=medium). Prediction points to a different object/category or wrong candidate id.
rq1_adjudication_060,stratified_assisted_yes,,,,,shared_l2_048,shared_l2_advtest,advtest,scene-0102_frame31::pedestrian3|pedestrian16|pedestrian34,scene-0102_frame31,pedestrian3|pedestrian16|pedestrian34,converge,759,37,"What pedestrian is to the front left of pedestrian26 and to the front of pedestrian34, and to the back of pedestrian3, and to the back left of ego?",pedestrian16,"Pedestrian26 is to the front left of pedestrian34, and to the front of pedestrian3, and to the back of pedestrian1, and to the back left of ego.",E:\Project\ADVTEST\scratch\rq1_mplug_call1000\runs\mplug-four-methods-call1000\results\mosaics\scene-0102_frame31_mosaic.jpg,yes,valid_visual_or_structural_error,medium,Prediction points to a different object/category or wrong candidate id.,yes,valid_visual_or_structural_error,ASSISTED_REVIEW: copied from auto-prefill (confidence=medium). Prediction points to a different object/category or wrong candidate id.
rq1_adjudication_061,stratified_assisted_no,,,,,shared_l2_049,shared_l2_advtest,advtest,scene-0036_frame17::pedestrian2|pedestrian11|pedestrian9,scene-0036_frame17,pedestrian2|pedestrian11|pedestrian9,converge,215,69,"There is a pedestrian to the back of barrier13 and to the back of truck2, and to the front of pedestrian2, and to the back of pedestrian9; what is it?",pedestrian11,It is a pedestrian.,E:\Project\ADVTEST\scratch\rq1_mplug_call1000\runs\mplug-four-methods-call1000\results\mosaics\scene-0036_frame17_mosaic.jpg,no,answer_granularity_mismatch,medium,Prediction gives the object category/description but omits the required instance id.,no,answer_granularity_mismatch,ASSISTED_REVIEW: copied from auto-prefill (confidence=medium). Prediction gives the object category/description but omits the required instance id.
rq1_adjudication_062,stratified_assisted_no,,,,,shared_l2_050,shared_l2_advtest,advtest,scene-0099_frame8::car11|car1|car7,scene-0099_frame8,car11|car1|car7,converge,698,54,"What car is positioned to the back of barrier11 and also to the back of car7, and to the front of car11, and to the back of car15?",car1,"The car positioned to the back of barrier11 and also to the back of car7, and to the front of car11, and to the back of car15 is a black car.",E:\Project\ADVTEST\scratch\rq1_mplug_call1000\runs\mplug-four-methods-call1000\results\mosaics\scene-0099_frame8_mosaic.jpg,no,lexical_scoring_artifact,medium,Prediction appears to contain the expected instance id.,no,lexical_scoring_artifact,ASSISTED_REVIEW: copied from auto-prefill (confidence=medium). Prediction appears to contain the expected instance id.
rq1_adjudication_063,all_uncertain,,,,,shared_l2_053,shared_l2_advtest,advtest,scene-0102_frame31::ego|pedestrian34|pedestrian11,scene-0102_frame31,ego|pedestrian34|pedestrian11,converge,788,41,"There is a pedestrian to the back left of car1 and to the back of ego, and to the back right of pedestrian11; what is it?",pedestrian34,It is a bridge.,E:\Project\ADVTEST\scratch\rq1_mplug_call1000\runs\mplug-four-methods-call1000\results\mosaics\scene-0102_frame31_mosaic.jpg,uncertain,other,low,Heuristic cannot confidently classify this failure; manual review required.,uncertain,other,ASSISTED_REVIEW: retained as uncertain because auto-prefill confidence is low. Heuristic cannot confidently classify this failure; manual review required.
rq1_adjudication_064,stratified_assisted_no,,,,,shared_l2_056,shared_l2_advtest,advtest,scene-0036_frame17::pedestrian2|pedestrian11|truck2,scene-0036_frame17,pedestrian2|pedestrian11|truck2,converge,215,69,"There is a pedestrian to the back of barrier13 and to the back of truck2, and to the front of pedestrian2, and to the back of pedestrian9; what is it?",pedestrian11,It is a pedestrian.,E:\Project\ADVTEST\scratch\rq1_mplug_call1000\runs\mplug-four-methods-call1000\results\mosaics\scene-0036_frame17_mosaic.jpg,no,answer_granularity_mismatch,medium,Prediction gives the object category/description but omits the required instance id.,no,answer_granularity_mismatch,ASSISTED_REVIEW: copied from auto-prefill (confidence=medium). Prediction gives the object category/description but omits the required instance id.
rq1_adjudication_065,stratified_assisted_yes,,,,,shared_l2_058,shared_l2_advtest,advtest,scene-0103_frame25::car25|car5|pedestrian14,scene-0103_frame25,car25|car5|pedestrian14,converge,862,37,"What car is positioned to the front of pedestrian13 and also to the front of pedestrian14, and to the front right of car25, and to the back right of car34?",car5,"The car positioned to the front of pedestrian13 and also to the front of pedestrian14, and to the front right of car25, and to the back right of car34 is a white car.",E:\Project\ADVTEST\scratch\rq1_mplug_call1000\runs\mplug-four-methods-call1000\results\mosaics\scene-0103_frame25_mosaic.jpg,yes,valid_visual_or_structural_error,medium,Prediction points to a different object/category or wrong candidate id.,yes,valid_visual_or_structural_error,ASSISTED_REVIEW: copied from auto-prefill (confidence=medium). Prediction points to a different object/category or wrong candidate id.
rq1_adjudication_066,all_uncertain,,,,,shared_l2_060,shared_l2_advtest,advtest,scene-0102_frame39::car2|pedestrian7|pedestrian4,scene-0102_frame39,car2|pedestrian7|pedestrian4,converge,839,18,"There is a pedestrian to the back of car2 and to the back of pedestrian4, and to the back of pedestrian2; what is it?",pedestrian7,It is a traffic light.,E:\Project\ADVTEST\scratch\rq1_mplug_call1000\runs\mplug-four-methods-call1000\results\mosaics\scene-0102_frame39_mosaic.jpg,uncertain,other,low,Heuristic cannot confidently classify this failure; manual review required.,uncertain,other,ASSISTED_REVIEW: retained as uncertain because auto-prefill confidence is low. Heuristic cannot confidently classify this failure; manual review required.
rq1_adjudication_067,stratified_assisted_yes,,,,,shared_l2_062,shared_l2_advtest,advtest,scene-0104_frame20::pedestrian22|pedestrian4|pedestrian24,scene-0104_frame20,pedestrian22|pedestrian4|pedestrian24,converge,914,45,"What pedestrian is to the back of pedestrian24 and to the back of pedestrian25, and to the front of pedestrian22, and to the back of pedestrian18?",pedestrian4,Pedestrian24,E:\Project\ADVTEST\scratch\rq1_mplug_call1000\runs\mplug-four-methods-call1000\results\mosaics\scene-0104_frame20_mosaic.jpg,yes,valid_visual_or_structural_error,medium,Prediction points to a different object/category or wrong candidate id.,yes,valid_visual_or_structural_error,ASSISTED_REVIEW: copied from auto-prefill (confidence=medium). Prediction points to a different object/category or wrong candidate id.
rq1_adjudication_068,stratified_assisted_yes,,,,,shared_l2_063,shared_l2_advtest,advtest,scene-0099_frame35::barrier11|barrier2|pedestrian2,scene-0099_frame35,barrier11|barrier2|pedestrian2,converge,649,80,"Which barrier can be found to the back right of motorcycle1 and to the back of pedestrian2, and to the back of barrier11, and to the front of barrier13?",barrier2,"The barrier that can be found to the back right of motorcycle1 and to the back of pedestrian2, and to the back of barrier11, and to the front of barrier13 is a construction barrier.",E:\Project\ADVTEST\scratch\rq1_mplug_call1000\runs\mplug-four-methods-call1000\results\mosaics\scene-0099_frame35_mosaic.jpg,yes,valid_visual_or_structural_error,medium,Prediction points to a different object/category or wrong candidate id.,yes,valid_visual_or_structural_error,ASSISTED_REVIEW: copied from auto-prefill (confidence=medium). Prediction points to a different object/category or wrong candidate id.
rq1_adjudication_069,all_uncertain,,,,,shared_l2_065,shared_l2_advtest,advtest,scene-0092_frame39::barrier2|barrier20|barrier8,scene-0092_frame39,barrier2|barrier20|barrier8,converge,391,55,"There is a barrier to the front of barrier18 and to the front of barrier5, and to the front right of barrier2, and to the front of barrier8; what is it?",barrier20,It is a metal fence.,E:\Project\ADVTEST\scratch\rq1_mplug_call1000\runs\mplug-four-methods-call1000\results\mosaics\scene-0092_frame39_mosaic.jpg,uncertain,other,low,Heuristic cannot confidently classify this failure; manual review required.,uncertain,other,ASSISTED_REVIEW: retained as uncertain because auto-prefill confidence is low. Heuristic cannot confidently classify this failure; manual review required.
rq1_adjudication_070,stratified_assisted_no,,,,,shared_l2_074,shared_l2_advtest,advtest,scene-0104_frame3::car15|car6|pedestrian8,scene-0104_frame3,car15|car6|pedestrian8,converge,970,38,"There is a car to the back of car20 and to the back of pedestrian8, and to the front left of car9, and to the front right of car15; what is it?",car6,The car in question is a white van.,E:\Project\ADVTEST\scratch\rq1_mplug_call1000\runs\mplug-four-methods-call1000\results\mosaics\scene-0104_frame3_mosaic.jpg,no,answer_granularity_mismatch,medium,Prediction gives the object category/description but omits the required instance id.,no,answer_granularity_mismatch,ASSISTED_REVIEW: copied from auto-prefill (confidence=medium). Prediction gives the object category/description but omits the required instance id.
rq1_adjudication_071,stratified_assisted_no,,,,,shared_l2_079,shared_l2_advtest,advtest,scene-0092_frame20::pedestrian2|truck3|truck2,scene-0092_frame20,pedestrian2|truck3|truck2,converge,323,57,"There is a truck to the front of ego and to the front of pedestrian2, and to the front left of truck2; what is it?",truck3,The truck in the image is a white truck.,E:\Project\ADVTEST\scratch\rq1_mplug_call1000\runs\mplug-four-methods-call1000\results\mosaics\scene-0092_frame20_mosaic.jpg,no,answer_granularity_mismatch,medium,Prediction gives the object category/description but omits the required instance id.,no,answer_granularity_mismatch,ASSISTED_REVIEW: copied from auto-prefill (confidence=medium). Prediction gives the object category/description but omits the required instance id.
rq1_adjudication_072,all_uncertain,,,,,shared_l2_081,shared_l2_advtest,advtest,scene-0094_frame7::car11|ego|car12,scene-0094_frame7,car11|ego|car12,converge,435,35,Which ego can be found to the front of car11 and to the back right of car12?,ego,The front of car11 and the back right of car12 can be seen in the image.,E:\Project\ADVTEST\scratch\rq1_mplug_call1000\runs\mplug-four-methods-call1000\results\mosaics\scene-0094_frame7_mosaic.jpg,uncertain,other,low,Heuristic cannot confidently classify this failure; manual review required.,uncertain,other,ASSISTED_REVIEW: retained as uncertain because auto-prefill confidence is low. Heuristic cannot confidently classify this failure; manual review required.
rq1_adjudication_073,stratified_assisted_no,,,,,shared_l2_093,shared_l2_advtest,advtest,scene-0104_frame3::car15|car6|car20,scene-0104_frame3,car15|car6|car20,converge,970,38,"There is a car to the back of car20 and to the back of pedestrian8, and to the front left of car9, and to the front right of car15; what is it?",car6,The car in question is a white van.,E:\Project\ADVTEST\scratch\rq1_mplug_call1000\runs\mplug-four-methods-call1000\results\mosaics\scene-0104_frame3_mosaic.jpg,no,answer_granularity_mismatch,medium,Prediction gives the object category/description but omits the required instance id.,no,answer_granularity_mismatch,ASSISTED_REVIEW: copied from auto-prefill (confidence=medium). Prediction gives the object category/description but omits the required instance id.
rq1_adjudication_074,stratified_assisted_yes,,,,,shared_l2_095,shared_l2_advtest,advtest,scene-0099_frame8::car20|car3|truck1,scene-0099_frame8,car20|car3|truck1,converge,651,12,"Identify the car located to the front of car20 and to the front of car8, and to the back left of truck1, and to the back of car12, and to the front of car7.",car3,"The car is located to the front of car20 and to the front of car8, and to the back left of truck1, and to the back of car12, and to the front of car7.",E:\Project\ADVTEST\scratch\rq1_mplug_call1000\runs\mplug-four-methods-call1000\results\mosaics\scene-0099_frame8_mosaic.jpg,yes,valid_visual_or_structural_error,medium,Prediction points to a different object/category or wrong candidate id.,yes,valid_visual_or_structural_error,ASSISTED_REVIEW: copied from auto-prefill (confidence=medium). Prediction points to a different object/category or wrong candidate id.
rq1_adjudication_075,all_uncertain,,,,,shared_l2_099,shared_l2_advtest,advtest,scene-0102_frame31::car1|pedestrian34|pedestrian11,scene-0102_frame31,car1|pedestrian34|pedestrian11,converge,788,41,"There is a pedestrian to the back left of car1 and to the back of ego, and to the back right of pedestrian11; what is it?",pedestrian34,It is a bridge.,E:\Project\ADVTEST\scratch\rq1_mplug_call1000\runs\mplug-four-methods-call1000\results\mosaics\scene-0102_frame31_mosaic.jpg,uncertain,other,low,Heuristic cannot confidently classify this failure; manual review required.,uncertain,other,ASSISTED_REVIEW: retained as uncertain because auto-prefill confidence is low. Heuristic cannot confidently classify this failure; manual review required.
rq1_adjudication_076,stratified_assisted_no,,,,,shared_l2_008,shared_l2_random,random,scene-0036_frame17::barrier2|barrier15|barrier8,scene-0036_frame17,barrier2|barrier15|barrier8,converge,227,68,"What barrier is to the back of barrier7 and to the back right of ego, and to the front left of barrier8, and to the back right of barrier2?",barrier15,The barrier is orange and white.,E:\Project\ADVTEST\scratch\rq1_mplug_call1000\runs\mplug-four-methods-call1000\results\mosaics\scene-0036_frame17_mosaic.jpg,no,answer_granularity_mismatch,medium,Prediction gives the object category/description but omits the required instance id.,no,answer_granularity_mismatch,ASSISTED_REVIEW: copied from auto-prefill (confidence=medium). Prediction gives the object category/description but omits the required instance id.
rq1_adjudication_077,all_uncertain,,,,,shared_l2_009,shared_l2_random,random,scene-0102_frame31::pedestrian16|pedestrian19|pedestrian3,scene-0102_frame31,pedestrian16|pedestrian19|pedestrian3,converge,764,25,"There is a pedestrian to the front of pedestrian16 and to the front of pedestrian24, and to the back right of pedestrian3; what is it?",pedestrian19,It is a person walking on the sidewalk.,E:\Project\ADVTEST\scratch\rq1_mplug_call1000\runs\mplug-four-methods-call1000\results\mosaics\scene-0102_frame31_mosaic.jpg,uncertain,other,low,Heuristic cannot confidently classify this failure; manual review required.,uncertain,other,ASSISTED_REVIEW: retained as uncertain because auto-prefill confidence is low. Heuristic cannot confidently classify this failure; manual review required.
rq1_adjudication_078,stratified_assisted_no,,,,,shared_l2_010,shared_l2_random,random,scene-0099_frame35::barrier7|barrier10|barrier8,scene-0099_frame35,barrier7|barrier10|barrier8,converge,617,107,"There is a barrier to the back of barrier15 and to the back of car15, and to the front right of barrier17, and to the front of barrier7, and to the back of barrier8; what is it?",barrier10,It is a construction barrier.,E:\Project\ADVTEST\scratch\rq1_mplug_call1000\runs\mplug-four-methods-call1000\results\mosaics\scene-0099_frame35_mosaic.jpg,no,answer_granularity_mismatch,medium,Prediction gives the object category/description but omits the required instance id.,no,answer_granularity_mismatch,ASSISTED_REVIEW: copied from auto-prefill (confidence=medium). Prediction gives the object category/description but omits the required instance id.
rq1_adjudication_079,stratified_assisted_yes,,,,,shared_l2_015,shared_l2_random,random,scene-0013_frame31::bicycle2|bus1|ego,scene-0013_frame31,bicycle2|bus1|ego,distance_chain,17,50,"Between bicycle2 and ego, which one is closer to bus1?",ego,Bicycle2 is closer to bus1.,E:\Project\ADVTEST\scratch\rq1_mplug_call1000\runs\mplug-four-methods-call1000\results\mosaics\scene-0013_frame31_mosaic.jpg,yes,valid_visual_or_structural_error,medium,Distance-comparison answer is absent and prediction selects a different candidate.,yes,valid_visual_or_structural_error,ASSISTED_REVIEW: copied from auto-prefill (confidence=medium). Distance-comparison answer is absent and prediction selects a different candidate.
rq1_adjudication_080,stratified_assisted_yes,,,,,shared_l2_016,shared_l2_random,random,scene-0013_frame31::bus1|car1|car5,scene-0013_frame31,bus1|car1|car5,distance_chain,50,47,"Which object is car1 nearer to, bus1 or car5?",car5,Car1 is nearer to bus1.,E:\Project\ADVTEST\scratch\rq1_mplug_call1000\runs\mplug-four-methods-call1000\results\mosaics\scene-0013_frame31_mosaic.jpg,yes,valid_visual_or_structural_error,medium,Prediction points to a different object/category or wrong candidate id.,yes,valid_visual_or_structural_error,ASSISTED_REVIEW: copied from auto-prefill (confidence=medium). Prediction points to a different object/category or wrong candidate id.
rq1_adjudication_081,stratified_assisted_yes,,,,,shared_l2_019,shared_l2_random,random,scene-0103_frame25::car14|car26|pedestrian9,scene-0103_frame25,car14|car26|pedestrian9,converge,896,146,"What car is to the back left of car19 and to the front of pedestrian9, and to the front left of car14, and to the back of car33?",car26,"The car is to the back left of car19 and to the front of pedestrian9, and to the front left of car14, and to the back of car33.",E:\Project\ADVTEST\scratch\rq1_mplug_call1000\runs\mplug-four-methods-call1000\results\mosaics\scene-0103_frame25_mosaic.jpg,yes,valid_visual_or_structural_error,medium,Prediction points to a different object/category or wrong candidate id.,yes,valid_visual_or_structural_error,ASSISTED_REVIEW: copied from auto-prefill (confidence=medium). Prediction points to a different object/category or wrong candidate id.
rq1_adjudication_082,stratified_assisted_yes,,,,,shared_l2_027,shared_l2_random,random,scene-0104_frame20::car1|car6|car4,scene-0104_frame20,car1|car6|car4,converge,949,130,"Which car can be found to the back of car4 and to the back right of pedestrian3, and to the back right of car1, and to the back of pedestrian7?",car6,"The car that can be found to the back of car4 and to the back right of pedestrian3, and to the back right of car1, and to the back of pedestrian7 is car2.",E:\Project\ADVTEST\scratch\rq1_mplug_call1000\runs\mplug-four-methods-call1000\results\mosaics\scene-0104_frame20_mosaic.jpg,yes,valid_visual_or_structural_error,medium,Prediction points to a different object/category or wrong candidate id.,yes,valid_visual_or_structural_error,ASSISTED_REVIEW: copied from auto-prefill (confidence=medium). Prediction points to a different object/category or wrong candidate id.
rq1_adjudication_083,stratified_assisted_yes,,,,,shared_l2_028,shared_l2_random,random,scene-0035_frame39::car4|pedestrian2|ego,scene-0035_frame39,car4|pedestrian2|ego,converge,188,154,"Identify the pedestrian located to the front of car1 and to the back right of car4, and to the front of pedestrian1, and to the back of ego.",pedestrian2,"The pedestrian is located to the front of car1 and to the back right of car4, and to the front of pedestrian1, and to the back of ego.",E:\Project\ADVTEST\scratch\rq1_mplug_call1000\runs\mplug-four-methods-call1000\results\mosaics\scene-0035_frame39_mosaic.jpg,yes,valid_visual_or_structural_error,medium,Prediction points to a different object/category or wrong candidate id.,yes,valid_visual_or_structural_error,ASSISTED_REVIEW: copied from auto-prefill (confidence=medium). Prediction points to a different object/category or wrong candidate id.
rq1_adjudication_084,all_uncertain,,,,,shared_l2_037,shared_l2_random,random,scene-0102_frame39::car2|pedestrian4|pedestrian2,scene-0102_frame39,car2|pedestrian4|pedestrian2,converge,832,51,"There is a pedestrian to the back of car2 and to the back of pedestrian5, and to the front of pedestrian2, and to the back of pedestrian10; what is it?",pedestrian4,It is a traffic light.,E:\Project\ADVTEST\scratch\rq1_mplug_call1000\runs\mplug-four-methods-call1000\results\mosaics\scene-0102_frame39_mosaic.jpg,uncertain,other,low,Heuristic cannot confidently classify this failure; manual review required.,uncertain,other,ASSISTED_REVIEW: retained as uncertain because auto-prefill confidence is low. Heuristic cannot confidently classify this failure; manual review required.
rq1_adjudication_085,stratified_assisted_no,,,,,shared_l2_038,shared_l2_random,random,scene-0092_frame20::car9|car10|pedestrian2,scene-0092_frame20,car9|car10|pedestrian2,converge,301,135,"What car is to the back of car8 and to the back of pedestrian2, and to the front of car9, and to the back of car4?",car10,The car is a white truck.,E:\Project\ADVTEST\scratch\rq1_mplug_call1000\runs\mplug-four-methods-call1000\results\mosaics\scene-0092_frame20_mosaic.jpg,no,answer_granularity_mismatch,medium,Prediction gives the object category/description but omits the required instance id.,no,answer_granularity_mismatch,ASSISTED_REVIEW: copied from auto-prefill (confidence=medium). Prediction gives the object category/description but omits the required instance id.
rq1_adjudication_086,all_uncertain,,,,,shared_l2_039,shared_l2_random,random,scene-0102_frame39::pedestrian2|pedestrian4|pedestrian5,scene-0102_frame39,pedestrian2|pedestrian4|pedestrian5,converge,832,51,"There is a pedestrian to the back of car2 and to the back of pedestrian5, and to the front of pedestrian2, and to the back of pedestrian10; what is it?",pedestrian4,It is a traffic light.,E:\Project\ADVTEST\scratch\rq1_mplug_call1000\runs\mplug-four-methods-call1000\results\mosaics\scene-0102_frame39_mosaic.jpg,uncertain,other,low,Heuristic cannot confidently classify this failure; manual review required.,uncertain,other,ASSISTED_REVIEW: retained as uncertain because auto-prefill confidence is low. Heuristic cannot confidently classify this failure; manual review required.
rq1_adjudication_087,stratified_assisted_yes,,,,,shared_l2_041,shared_l2_random,random,scene-0097_frame37::car13|car4|pedestrian8,scene-0097_frame37,car13|car4|pedestrian8,converge,535,5,"Identify the car located to the back of car13 and to the back right of pedestrian8, and to the back of car6.",car4,"The car is located to the back of car13 and to the back right of pedestrian8, and to the back of car6.",E:\Project\ADVTEST\scratch\rq1_mplug_call1000\runs\mplug-four-methods-call1000\results\mosaics\scene-0097_frame37_mosaic.jpg,yes,valid_visual_or_structural_error,medium,Prediction points to a different object/category or wrong candidate id.,yes,valid_visual_or_structural_error,ASSISTED_REVIEW: copied from auto-prefill (confidence=medium). Prediction points to a different object/category or wrong candidate id.
rq1_adjudication_088,stratified_assisted_no,,,,,shared_l2_049,shared_l2_random,random,scene-0036_frame17::pedestrian2|pedestrian11|pedestrian9,scene-0036_frame17,pedestrian2|pedestrian11|pedestrian9,converge,245,69,"There is a pedestrian to the back of barrier13 and to the back of truck2, and to the front of pedestrian2, and to the back of pedestrian9; what is it?",pedestrian11,It is a pedestrian.,E:\Project\ADVTEST\scratch\rq1_mplug_call1000\runs\mplug-four-methods-call1000\results\mosaics\scene-0036_frame17_mosaic.jpg,no,answer_granularity_mismatch,medium,Prediction gives the object category/description but omits the required instance id.,no,answer_granularity_mismatch,ASSISTED_REVIEW: copied from auto-prefill (confidence=medium). Prediction gives the object category/description but omits the required instance id.
rq1_adjudication_089,stratified_assisted_no,,,,,shared_l2_050,shared_l2_random,random,scene-0099_frame8::car11|car1|car7,scene-0099_frame8,car11|car1|car7,converge,697,54,"What car is positioned to the back of barrier11 and also to the back of car7, and to the front of car11, and to the back of car15?",car1,"The car positioned to the back of barrier11 and also to the back of car7, and to the front of car11, and to the back of car15 is a black car.",E:\Project\ADVTEST\scratch\rq1_mplug_call1000\runs\mplug-four-methods-call1000\results\mosaics\scene-0099_frame8_mosaic.jpg,no,lexical_scoring_artifact,medium,Prediction appears to contain the expected instance id.,no,lexical_scoring_artifact,ASSISTED_REVIEW: copied from auto-prefill (confidence=medium). Prediction appears to contain the expected instance id.
rq1_adjudication_090,stratified_assisted_yes,,,,,shared_l2_051,shared_l2_random,random,scene-0101_frame25::barrier2|barrier47|car6,scene-0101_frame25,barrier2|barrier47|car6,converge,717,7,"Identify the barrier located to the front right of car10 and to the front of car6, and to the back left of barrier2, and to the front of barrier37, and to the back of barrier25.",barrier47,"The barrier is located to the front right of car10 and to the front of car6, and to the back left of barrier2, and to the front of barrier37, and to the back of barrier25",E:\Project\ADVTEST\scratch\rq1_mplug_call1000\runs\mplug-four-methods-call1000\results\mosaics\scene-0101_frame25_mosaic.jpg,yes,valid_visual_or_structural_error,medium,Prediction points to a different object/category or wrong candidate id.,yes,valid_visual_or_structural_error,ASSISTED_REVIEW: copied from auto-prefill (confidence=medium). Prediction points to a different object/category or wrong candidate id.
rq1_adjudication_091,all_uncertain,,,,,shared_l2_053,shared_l2_random,random,scene-0102_frame31::ego|pedestrian34|pedestrian11,scene-0102_frame31,ego|pedestrian34|pedestrian11,converge,797,41,"There is a pedestrian to the back left of car1 and to the back of ego, and to the back right of pedestrian11; what is it?",pedestrian34,It is a bridge.,E:\Project\ADVTEST\scratch\rq1_mplug_call1000\runs\mplug-four-methods-call1000\results\mosaics\scene-0102_frame31_mosaic.jpg,uncertain,other,low,Heuristic cannot confidently classify this failure; manual review required.,uncertain,other,ASSISTED_REVIEW: retained as uncertain because auto-prefill confidence is low. Heuristic cannot confidently classify this failure; manual review required.
rq1_adjudication_092,all_uncertain,,,,,shared_l2_060,shared_l2_random,random,scene-0102_frame39::car2|pedestrian7|pedestrian4,scene-0102_frame39,car2|pedestrian7|pedestrian4,converge,833,18,"There is a pedestrian to the back of car2 and to the back of pedestrian4, and to the back of pedestrian2; what is it?",pedestrian7,It is a traffic light.,E:\Project\ADVTEST\scratch\rq1_mplug_call1000\runs\mplug-four-methods-call1000\results\mosaics\scene-0102_frame39_mosaic.jpg,uncertain,other,low,Heuristic cannot confidently classify this failure; manual review required.,uncertain,other,ASSISTED_REVIEW: retained as uncertain because auto-prefill confidence is low. Heuristic cannot confidently classify this failure; manual review required.
rq1_adjudication_093,all_uncertain,,,,,shared_l2_065,shared_l2_random,random,scene-0092_frame39::barrier2|barrier20|barrier8,scene-0092_frame39,barrier2|barrier20|barrier8,converge,363,55,"There is a barrier to the front of barrier18 and to the front of barrier5, and to the front right of barrier2, and to the front of barrier8; what is it?",barrier20,It is a metal fence.,E:\Project\ADVTEST\scratch\rq1_mplug_call1000\runs\mplug-four-methods-call1000\results\mosaics\scene-0092_frame39_mosaic.jpg,uncertain,other,low,Heuristic cannot confidently classify this failure; manual review required.,uncertain,other,ASSISTED_REVIEW: retained as uncertain because auto-prefill confidence is low. Heuristic cannot confidently classify this failure; manual review required.
rq1_adjudication_094,stratified_assisted_no,,,,,shared_l2_068,shared_l2_random,random,scene-0101_frame25::barrier32|barrier16|barrier5,scene-0101_frame25,barrier32|barrier16|barrier5,converge,716,154,"There is a barrier to the back of barrier32 and to the front of barrier5, and to the front right of ego, and to the back of barrier46; what is it?",barrier16,It is a construction barrier.,E:\Project\ADVTEST\scratch\rq1_mplug_call1000\runs\mplug-four-methods-call1000\results\mosaics\scene-0101_frame25_mosaic.jpg,no,answer_granularity_mismatch,medium,Prediction gives the object category/description but omits the required instance id.,no,answer_granularity_mismatch,ASSISTED_REVIEW: copied from auto-prefill (confidence=medium). Prediction gives the object category/description but omits the required instance id.
rq1_adjudication_095,stratified_assisted_yes,,,,,shared_l2_072,shared_l2_random,random,scene-0099_frame8::car2|car8|car9,scene-0099_frame8,car2|car8|car9,converge,695,156,"What car is to the back left of car16 and to the back of pedestrian2, and to the back of car2, and to the front left of car9?",car8,"The car is to the back left of car16 and to the back of pedestrian2, and to the back of car2, and to the front left of car9.",E:\Project\ADVTEST\scratch\rq1_mplug_call1000\runs\mplug-four-methods-call1000\results\mosaics\scene-0099_frame8_mosaic.jpg,yes,valid_visual_or_structural_error,medium,Prediction points to a different object/category or wrong candidate id.,yes,valid_visual_or_structural_error,ASSISTED_REVIEW: copied from auto-prefill (confidence=medium). Prediction points to a different object/category or wrong candidate id.
rq1_adjudication_096,all_uncertain,,,,,shared_l2_081,shared_l2_random,random,scene-0094_frame7::car11|ego|car12,scene-0094_frame7,car11|ego|car12,converge,423,35,Which ego can be found to the front of car11 and to the back right of car12?,ego,The front of car11 and the back right of car12 can be seen in the image.,E:\Project\ADVTEST\scratch\rq1_mplug_call1000\runs\mplug-four-methods-call1000\results\mosaics\scene-0094_frame7_mosaic.jpg,uncertain,other,low,Heuristic cannot confidently classify this failure; manual review required.,uncertain,other,ASSISTED_REVIEW: retained as uncertain because auto-prefill confidence is low. Heuristic cannot confidently classify this failure; manual review required.
rq1_adjudication_097,stratified_assisted_yes,,,,,shared_l2_085,shared_l2_random,random,scene-0092_frame20::car2|car1|car7,scene-0092_frame20,car2|car1|car7,converge,323,63,"What car is positioned to the back of car7 and also to the back left of ego, and to the back of car2?",car1,"A white car is positioned to the back of car7 and also to the back left of ego, and to the back of car2.",E:\Project\ADVTEST\scratch\rq1_mplug_call1000\runs\mplug-four-methods-call1000\results\mosaics\scene-0092_frame20_mosaic.jpg,yes,valid_visual_or_structural_error,medium,Prediction points to a different object/category or wrong candidate id.,yes,valid_visual_or_structural_error,ASSISTED_REVIEW: copied from auto-prefill (confidence=medium). Prediction points to a different object/category or wrong candidate id.
rq1_adjudication_098,stratified_assisted_no,,,,,shared_l2_087,shared_l2_random,random,scene-0036_frame19::barrier3|barrier16|barrier8,scene-0036_frame19,barrier3|barrier16|barrier8,converge,282,159,"Identify the barrier located to the back of barrier17 and to the front of barrier9, and to the back left of barrier1, and to the back of barrier3, and to the front of barrier8.",barrier16,The barrier located to the back of barrier17 and to the front of barrier9 is barrier18.,E:\Project\ADVTEST\scratch\rq1_mplug_call1000\runs\mplug-four-methods-call1000\results\mosaics\scene-0036_frame19_mosaic.jpg,no,answer_granularity_mismatch,medium,Prediction gives the object category/description but omits the required instance id.,no,answer_granularity_mismatch,ASSISTED_REVIEW: copied from auto-prefill (confidence=medium). Prediction gives the object category/description but omits the required instance id.
rq1_adjudication_099,stratified_assisted_no,,,,,shared_l2_093,shared_l2_random,random,scene-0104_frame3::car15|car6|car20,scene-0104_frame3,car15|car6|car20,converge,976,38,"There is a car to the back of car20 and to the back of pedestrian8, and to the front left of car9, and to the front right of car15; what is it?",car6,The car in question is a white van.,E:\Project\ADVTEST\scratch\rq1_mplug_call1000\runs\mplug-four-methods-call1000\results\mosaics\scene-0104_frame3_mosaic.jpg,no,answer_granularity_mismatch,medium,Prediction gives the object category/description but omits the required instance id.,no,answer_granularity_mismatch,ASSISTED_REVIEW: copied from auto-prefill (confidence=medium). Prediction gives the object category/description but omits the required instance id.
rq1_adjudication_100,all_uncertain,,,,,shared_l2_099,shared_l2_random,random,scene-0102_frame31::car1|pedestrian34|pedestrian11,scene-0102_frame31,car1|pedestrian34|pedestrian11,converge,797,41,"There is a pedestrian to the back left of car1 and to the back of ego, and to the back right of pedestrian11; what is it?",pedestrian34,It is a bridge.,E:\Project\ADVTEST\scratch\rq1_mplug_call1000\runs\mplug-four-methods-call1000\results\mosaics\scene-0102_frame31_mosaic.jpg,uncertain,other,low,Heuristic cannot confidently classify this failure; manual review required.,uncertain,other,ASSISTED_REVIEW: retained as uncertain because auto-prefill confidence is low. Heuristic cannot confidently classify this failure; manual review required.
